Lat0Long0.csv,EMPTY,0,0
Lat0Long10.csv,EMPTY,0,10
Lat0Long20.csv,EMPTY,0,20
Lat0Long30.csv,EMPTY,0,30
Lat0Long40.csv,EMPTY,0,40
Lat0Long50.csv,EMPTY,0,50
Lat0Long60.csv,EMPTY,0,60
Lat0Long70.csv,EMPTY,0,70
Lat0Long80.csv,EMPTY,0,80
Lat0Long90.csv,EMPTY,0,90
Lat0Long100.csv,EMPTY,0,100
Lat0Long110.csv,EMPTY,0,110
Lat0Long120.csv,EMPTY,0,120
Lat0Long130.csv,EMPTY,0,130
Lat0Long140.csv,EMPTY,0,140
Lat0Long150.csv,EMPTY,0,150
Lat0Long160.csv,EMPTY,0,160
Lat0Long170.csv,EMPTY,0,170
Lat0Long180.csv,EMPTY,0,180
Lat0Long190.csv,EMPTY,0,190
Lat0Long200.csv,EMPTY,0,200
Lat0Long210.csv,EMPTY,0,210
Lat0Long220.csv,EMPTY,0,220
Lat0Long230.csv,EMPTY,0,230
Lat0Long240.csv,EMPTY,0,240
Lat0Long250.csv,EMPTY,0,250
Lat0Long260.csv,EMPTY,0,260
Lat0Long270.csv,EMPTY,0,270
Lat0Long280.csv,EMPTY,0,280
Lat0Long290.csv,EMPTY,0,290
Lat0Long300.csv,EMPTY,0,300
Lat0Long310.csv,EMPTY,0,310
Lat0Long320.csv,EMPTY,0,320
Lat0Long330.csv,EMPTY,0,330
Lat0Long340.csv,EMPTY,0,340
Lat0Long350.csv,EMPTY,0,350
Lat10Long0.csv,EMPTY,10,0
Lat10Long10.csv,EMPTY,10,10
Lat10Long20.csv,EMPTY,10,20
Lat10Long30.csv,EMPTY,10,30
Lat10Long40.csv,EMPTY,10,40
Lat10Long50.csv,EMPTY,10,50
Lat10Long60.csv,EMPTY,10,60
Lat10Long70.csv,EMPTY,10,70
Lat10Long80.csv,EMPTY,10,80
Lat10Long90.csv,EMPTY,10,90
Lat10Long100.csv,EMPTY,10,100
Lat10Long110.csv,EMPTY,10,110
Lat10Long120.csv,EMPTY,10,120
Lat10Long130.csv,EMPTY,10,130
Lat10Long140.csv,EMPTY,10,140
Lat10Long150.csv,EMPTY,10,150
Lat10Long160.csv,EMPTY,10,160
Lat10Long170.csv,EMPTY,10,170
Lat10Long180.csv,EMPTY,10,180
Lat10Long190.csv,EMPTY,10,190
Lat10Long200.csv,EMPTY,10,200
Lat10Long210.csv,EMPTY,10,210
Lat10Long220.csv,EMPTY,10,220
Lat10Long230.csv,EMPTY,10,230
Lat10Long240.csv,EMPTY,10,240
Lat10Long250.csv,EMPTY,10,250
Lat10Long260.csv,EMPTY,10,260
Lat10Long270.csv,EMPTY,10,270
Lat10Long280.csv,EMPTY,10,280
Lat10Long290.csv,EMPTY,10,290
Lat10Long300.csv,EMPTY,10,300
Lat10Long310.csv,EMPTY,10,310
Lat10Long320.csv,EMPTY,10,320
Lat10Long330.csv,EMPTY,10,330
Lat10Long340.csv,EMPTY,10,340
Lat10Long350.csv,EMPTY,10,350
Lat20Long0.csv,EMPTY,20,0
Lat20Long10.csv,EMPTY,20,10
Lat20Long20.csv,EMPTY,20,20
Lat20Long30.csv,EMPTY,20,30
Lat20Long40.csv,EMPTY,20,40
Lat20Long50.csv,EMPTY,20,50
Lat20Long60.csv,EMPTY,20,60
Lat20Long70.csv,EMPTY,20,70
Lat20Long80.csv,EMPTY,20,80
Lat20Long90.csv,EMPTY,20,90
Lat20Long100.csv,EMPTY,20,100
Lat20Long110.csv,EMPTY,20,110
Lat20Long120.csv,EMPTY,20,120
Lat20Long130.csv,EMPTY,20,130
Lat20Long140.csv,EMPTY,20,140
Lat20Long150.csv,EMPTY,20,150
Lat20Long160.csv,EMPTY,20,160
Lat20Long170.csv,EMPTY,20,170
Lat20Long180.csv,EMPTY,20,180
Lat20Long190.csv,EMPTY,20,190
Lat20Long200.csv,EMPTY,20,200
Lat20Long210.csv,EMPTY,20,210
Lat20Long220.csv,EMPTY,20,220
Lat20Long230.csv,EMPTY,20,230
Lat20Long240.csv,EMPTY,20,240
Lat20Long250.csv,EMPTY,20,250
Lat20Long260.csv,EMPTY,20,260
Lat20Long270.csv,EMPTY,20,270
Lat20Long280.csv,EMPTY,20,280
Lat20Long290.csv,EMPTY,20,290
Lat20Long300.csv,EMPTY,20,300
Lat20Long310.csv,EMPTY,20,310
Lat20Long320.csv,EMPTY,20,320
Lat20Long330.csv,EMPTY,20,330
Lat20Long340.csv,EMPTY,20,340
Lat20Long350.csv,EMPTY,20,350
Lat30Long0.csv,EMPTY,30,0
Lat30Long10.csv,EMPTY,30,10
Lat30Long20.csv,EMPTY,30,20
Lat30Long30.csv,EMPTY,30,30
Lat30Long40.csv,EMPTY,30,40
Lat30Long50.csv,EMPTY,30,50
Lat30Long60.csv,EMPTY,30,60
Lat30Long70.csv,EMPTY,30,70
Lat30Long80.csv,EMPTY,30,80
Lat30Long90.csv,EMPTY,30,90
Lat30Long100.csv,EMPTY,30,100
Lat30Long110.csv,EMPTY,30,110
Lat30Long120.csv,EMPTY,30,120
Lat30Long130.csv,EMPTY,30,130
Lat30Long140.csv,EMPTY,30,140
Lat30Long150.csv,EMPTY,30,150
Lat30Long160.csv,EMPTY,30,160
Lat30Long170.csv,EMPTY,30,170
Lat30Long180.csv,EMPTY,30,180
Lat30Long190.csv,EMPTY,30,190
Lat30Long200.csv,EMPTY,30,200
Lat30Long210.csv,EMPTY,30,210
Lat30Long220.csv,EMPTY,30,220
Lat30Long230.csv,EMPTY,30,230
Lat30Long240.csv,EMPTY,30,240
Lat30Long250.csv,EMPTY,30,250
Lat30Long260.csv,EMPTY,30,260
Lat30Long270.csv,EMPTY,30,270
Lat30Long280.csv,EMPTY,30,280
Lat30Long290.csv,EMPTY,30,290
Lat30Long300.csv,EMPTY,30,300
Lat30Long310.csv,EMPTY,30,310
Lat30Long320.csv,EMPTY,30,320
Lat30Long330.csv,EMPTY,30,330
Lat30Long340.csv,EMPTY,30,340
Lat30Long350.csv,EMPTY,30,350
Lat40Long0.csv,EMPTY,40,0
Lat40Long10.csv,EMPTY,40,10
Lat40Long20.csv,EMPTY,40,20
Lat40Long30.csv,EMPTY,40,30
Lat40Long40.csv,EMPTY,40,40
Lat40Long50.csv,EMPTY,40,50
Lat40Long60.csv,EMPTY,40,60
Lat40Long70.csv,EMPTY,40,70
Lat40Long80.csv,EMPTY,40,80
Lat40Long90.csv,EMPTY,40,90
Lat40Long100.csv,EMPTY,40,100
Lat40Long110.csv,EMPTY,40,110
Lat40Long120.csv,EMPTY,40,120
Lat40Long130.csv,EMPTY,40,130
Lat40Long140.csv,EMPTY,40,140
Lat40Long150.csv,EMPTY,40,150
Lat40Long160.csv,EMPTY,40,160
Lat40Long170.csv,EMPTY,40,170
Lat40Long180.csv,EMPTY,40,180
Lat40Long190.csv,EMPTY,40,190
Lat40Long200.csv,EMPTY,40,200
Lat40Long210.csv,EMPTY,40,210
Lat40Long220.csv,EMPTY,40,220
Lat40Long230.csv,EMPTY,40,230
Lat40Long240.csv,EMPTY,40,240
Lat40Long250.csv,EMPTY,40,250
Lat40Long260.csv,EMPTY,40,260
Lat40Long270.csv,EMPTY,40,270
Lat40Long280.csv,EMPTY,40,280
Lat40Long290.csv,EMPTY,40,290
Lat40Long300.csv,EMPTY,40,300
Lat40Long310.csv,EMPTY,40,310
Lat40Long320.csv,EMPTY,40,320
Lat40Long330.csv,EMPTY,40,330
Lat40Long340.csv,EMPTY,40,340
Lat40Long350.csv,EMPTY,40,350
Lat50Long0.csv,EMPTY,50,0
Lat50Long10.csv,EMPTY,50,10
Lat50Long20.csv,EMPTY,50,20
Lat50Long30.csv,EMPTY,50,30
Lat50Long40.csv,EMPTY,50,40
Lat50Long50.csv,EMPTY,50,50
Lat50Long60.csv,EMPTY,50,60
Lat50Long70.csv,EMPTY,50,70
Lat50Long80.csv,EMPTY,50,80
Lat50Long90.csv,EMPTY,50,90
Lat50Long100.csv,EMPTY,50,100
Lat50Long110.csv,EMPTY,50,110
Lat50Long120.csv,EMPTY,50,120
Lat50Long130.csv,EMPTY,50,130
Lat50Long140.csv,EMPTY,50,140
Lat50Long150.csv,EMPTY,50,150
Lat50Long160.csv,EMPTY,50,160
Lat50Long170.csv,EMPTY,50,170
Lat50Long180.csv,EMPTY,50,180
Lat50Long190.csv,EMPTY,50,190
Lat50Long200.csv,EMPTY,50,200
Lat50Long210.csv,EMPTY,50,210
Lat50Long220.csv,EMPTY,50,220
Lat50Long230.csv,EMPTY,50,230
Lat50Long240.csv,EMPTY,50,240
Lat50Long250.csv,EMPTY,50,250
Lat50Long260.csv,EMPTY,50,260
Lat50Long270.csv,EMPTY,50,270
Lat50Long280.csv,EMPTY,50,280
Lat50Long290.csv,EMPTY,50,290
Lat50Long300.csv,EMPTY,50,300
Lat50Long310.csv,EMPTY,50,310
Lat50Long320.csv,EMPTY,50,320
Lat50Long330.csv,EMPTY,50,330
Lat50Long340.csv,EMPTY,50,340
Lat50Long350.csv,EMPTY,50,350
Lat60Long0.csv,EMPTY,60,0
Lat60Long10.csv,EMPTY,60,10
Lat60Long20.csv,EMPTY,60,20
Lat60Long30.csv,EMPTY,60,30
Lat60Long40.csv,EMPTY,60,40
Lat60Long50.csv,EMPTY,60,50
Lat60Long60.csv,EMPTY,60,60
Lat60Long70.csv,EMPTY,60,70
Lat60Long80.csv,EMPTY,60,80
Lat60Long90.csv,EMPTY,60,90
Lat60Long100.csv,EMPTY,60,100
Lat60Long110.csv,EMPTY,60,110
Lat60Long120.csv,EMPTY,60,120
Lat60Long130.csv,EMPTY,60,130
Lat60Long140.csv,EMPTY,60,140
Lat60Long150.csv,EMPTY,60,150
Lat60Long160.csv,EMPTY,60,160
Lat60Long170.csv,EMPTY,60,170
Lat60Long180.csv,EMPTY,60,180
Lat60Long190.csv,EMPTY,60,190
Lat60Long200.csv,EMPTY,60,200
Lat60Long210.csv,EMPTY,60,210
Lat60Long220.csv,EMPTY,60,220
Lat60Long230.csv,EMPTY,60,230
Lat60Long240.csv,EMPTY,60,240
Lat60Long250.csv,EMPTY,60,250
Lat60Long260.csv,EMPTY,60,260
Lat60Long270.csv,EMPTY,60,270
Lat60Long280.csv,EMPTY,60,280
Lat60Long290.csv,EMPTY,60,290
Lat60Long300.csv,EMPTY,60,300
Lat60Long310.csv,EMPTY,60,310
Lat60Long320.csv,EMPTY,60,320
Lat60Long330.csv,EMPTY,60,330
Lat60Long340.csv,EMPTY,60,340
Lat60Long350.csv,EMPTY,60,350
Lat70Long0.csv,EMPTY,70,0
Lat70Long10.csv,EMPTY,70,10
Lat70Long20.csv,EMPTY,70,20
Lat70Long30.csv,EMPTY,70,30
Lat70Long40.csv,EMPTY,70,40
Lat70Long50.csv,EMPTY,70,50
Lat70Long60.csv,EMPTY,70,60
Lat70Long70.csv,EMPTY,70,70
Lat70Long80.csv,EMPTY,70,80
Lat70Long90.csv,EMPTY,70,90
Lat70Long100.csv,EMPTY,70,100
Lat70Long110.csv,EMPTY,70,110
Lat70Long120.csv,EMPTY,70,120
Lat70Long130.csv,EMPTY,70,130
Lat70Long140.csv,EMPTY,70,140
Lat70Long150.csv,EMPTY,70,150
Lat70Long160.csv,EMPTY,70,160
Lat70Long170.csv,EMPTY,70,170
Lat70Long180.csv,EMPTY,70,180
Lat70Long190.csv,EMPTY,70,190
Lat70Long200.csv,EMPTY,70,200
Lat70Long210.csv,EMPTY,70,210
Lat70Long220.csv,EMPTY,70,220
Lat70Long230.csv,EMPTY,70,230
Lat70Long240.csv,EMPTY,70,240
Lat70Long250.csv,EMPTY,70,250
Lat70Long260.csv,EMPTY,70,260
Lat70Long270.csv,EMPTY,70,270
Lat70Long280.csv,EMPTY,70,280
Lat70Long290.csv,EMPTY,70,290
Lat70Long300.csv,EMPTY,70,300
Lat70Long310.csv,EMPTY,70,310
Lat70Long320.csv,EMPTY,70,320
Lat70Long330.csv,EMPTY,70,330
Lat70Long340.csv,EMPTY,70,340
Lat70Long350.csv,EMPTY,70,350
Lat80Long0.csv,EMPTY,80,0
Lat80Long10.csv,EMPTY,80,10
Lat80Long20.csv,EMPTY,80,20
Lat80Long30.csv,EMPTY,80,30
Lat80Long40.csv,EMPTY,80,40
Lat80Long50.csv,EMPTY,80,50
Lat80Long60.csv,EMPTY,80,60
Lat80Long70.csv,EMPTY,80,70
Lat80Long80.csv,EMPTY,80,80
Lat80Long90.csv,EMPTY,80,90
Lat80Long100.csv,EMPTY,80,100
Lat80Long110.csv,EMPTY,80,110
Lat80Long120.csv,EMPTY,80,120
Lat80Long130.csv,EMPTY,80,130
Lat80Long140.csv,EMPTY,80,140
Lat80Long150.csv,EMPTY,80,150
Lat80Long160.csv,EMPTY,80,160
Lat80Long170.csv,EMPTY,80,170
Lat80Long180.csv,EMPTY,80,180
Lat80Long190.csv,EMPTY,80,190
Lat80Long200.csv,EMPTY,80,200
Lat80Long210.csv,EMPTY,80,210
Lat80Long220.csv,EMPTY,80,220
Lat80Long230.csv,EMPTY,80,230
Lat80Long240.csv,EMPTY,80,240
Lat80Long250.csv,EMPTY,80,250
Lat80Long260.csv,EMPTY,80,260
Lat80Long270.csv,EMPTY,80,270
Lat80Long280.csv,EMPTY,80,280
Lat80Long290.csv,EMPTY,80,290
Lat80Long300.csv,EMPTY,80,300
Lat80Long310.csv,EMPTY,80,310
Lat80Long320.csv,EMPTY,80,320
Lat80Long330.csv,EMPTY,80,330
Lat80Long340.csv,EMPTY,80,340
Lat80Long350.csv,EMPTY,80,350
Lat90Long0.csv,EMPTY,90,0
Lat90Long10.csv,ANALYZED,90,10
Lat90Long20.csv,EMPTY,90,20
Lat90Long30.csv,ANALYZED,90,30
Lat90Long40.csv,EMPTY,90,40
Lat90Long50.csv,ANALYZED,90,50
Lat90Long60.csv,EMPTY,90,60
Lat90Long70.csv,EMPTY,90,70
Lat90Long80.csv,ANALYZED,90,80
Lat90Long90.csv,ANALYZED,90,90
Lat90Long100.csv,ANALYZED,90,100
Lat90Long110.csv,ANALYZED,90,110
Lat90Long120.csv,ANALYZED,90,120
Lat90Long130.csv,EMPTY,90,130
Lat90Long140.csv,EMPTY,90,140
Lat90Long150.csv,ANALYZED,90,150
Lat90Long160.csv,EMPTY,90,160
Lat90Long170.csv,EMPTY,90,170
Lat90Long180.csv,EMPTY,90,180
Lat90Long190.csv,EMPTY,90,190
Lat90Long200.csv,EMPTY,90,200
Lat90Long210.csv,EMPTY,90,210
Lat90Long220.csv,EMPTY,90,220
Lat90Long230.csv,EMPTY,90,230
Lat90Long240.csv,EMPTY,90,240
Lat90Long250.csv,EMPTY,90,250
Lat90Long260.csv,EMPTY,90,260
Lat90Long270.csv,EMPTY,90,270
Lat90Long280.csv,EMPTY,90,280
Lat90Long290.csv,EMPTY,90,290
Lat90Long300.csv,EMPTY,90,300
Lat90Long310.csv,EMPTY,90,310
Lat90Long320.csv,EMPTY,90,320
Lat90Long330.csv,ANALYZED,90,330
Lat90Long340.csv,ANALYZED,90,340
Lat90Long350.csv,ANALYZED,90,350
Lat100Long0.csv,EMPTY,100,0
Lat100Long10.csv,EMPTY,100,10
Lat100Long20.csv,EMPTY,100,20
Lat100Long30.csv,EMPTY,100,30
Lat100Long40.csv,EMPTY,100,40
Lat100Long50.csv,EMPTY,100,50
Lat100Long60.csv,EMPTY,100,60
Lat100Long70.csv,EMPTY,100,70
Lat100Long80.csv,EMPTY,100,80
Lat100Long90.csv,EMPTY,100,90
Lat100Long100.csv,EMPTY,100,100
Lat100Long110.csv,EMPTY,100,110
Lat100Long120.csv,EMPTY,100,120
Lat100Long130.csv,EMPTY,100,130
Lat100Long140.csv,EMPTY,100,140
Lat100Long150.csv,EMPTY,100,150
Lat100Long160.csv,EMPTY,100,160
Lat100Long170.csv,EMPTY,100,170
Lat100Long180.csv,EMPTY,100,180
Lat100Long190.csv,ANALYZED,100,190
Lat100Long200.csv,ANALYZED,100,200
Lat100Long210.csv,ANALYZED,100,210
Lat100Long220.csv,EMPTY,100,220
Lat100Long230.csv,EMPTY,100,230
Lat100Long240.csv,EMPTY,100,240
Lat100Long250.csv,ANALYZED,100,250
Lat100Long260.csv,EMPTY,100,260
Lat100Long270.csv,EMPTY,100,270
Lat100Long280.csv,EMPTY,100,280
Lat100Long290.csv,EMPTY,100,290
Lat100Long300.csv,EMPTY,100,300
Lat100Long310.csv,EMPTY,100,310
Lat100Long320.csv,EMPTY,100,320
Lat100Long330.csv,ANALYZED,100,330
Lat100Long340.csv,ANALYZED,100,340
Lat100Long350.csv,EMPTY,100,350
Lat110Long0.csv,EMPTY,110,0
Lat110Long10.csv,EMPTY,110,10
Lat110Long20.csv,EMPTY,110,20
Lat110Long30.csv,EMPTY,110,30
Lat110Long40.csv,EMPTY,110,40
Lat110Long50.csv,EMPTY,110,50
Lat110Long60.csv,EMPTY,110,60
Lat110Long70.csv,EMPTY,110,70
Lat110Long80.csv,EMPTY,110,80
Lat110Long90.csv,EMPTY,110,90
Lat110Long100.csv,EMPTY,110,100
Lat110Long110.csv,EMPTY,110,110
Lat110Long120.csv,EMPTY,110,120
Lat110Long130.csv,EMPTY,110,130
Lat110Long140.csv,EMPTY,110,140
Lat110Long150.csv,EMPTY,110,150
Lat110Long160.csv,EMPTY,110,160
Lat110Long170.csv,EMPTY,110,170
Lat110Long180.csv,EMPTY,110,180
Lat110Long190.csv,EMPTY,110,190
Lat110Long200.csv,EMPTY,110,200
Lat110Long210.csv,EMPTY,110,210
Lat110Long220.csv,EMPTY,110,220
Lat110Long230.csv,EMPTY,110,230
Lat110Long240.csv,EMPTY,110,240
Lat110Long250.csv,EMPTY,110,250
Lat110Long260.csv,EMPTY,110,260
Lat110Long270.csv,EMPTY,110,270
Lat110Long280.csv,EMPTY,110,280
Lat110Long290.csv,EMPTY,110,290
Lat110Long300.csv,EMPTY,110,300
Lat110Long310.csv,EMPTY,110,310
Lat110Long320.csv,ANALYZED,110,320
Lat110Long330.csv,EMPTY,110,330
Lat110Long340.csv,EMPTY,110,340
Lat110Long350.csv,EMPTY,110,350
Lat120Long0.csv,EMPTY,120,0
Lat120Long10.csv,EMPTY,120,10
Lat120Long20.csv,EMPTY,120,20
Lat120Long30.csv,EMPTY,120,30
Lat120Long40.csv,EMPTY,120,40
Lat120Long50.csv,EMPTY,120,50
Lat120Long60.csv,EMPTY,120,60
Lat120Long70.csv,EMPTY,120,70
Lat120Long80.csv,ANALYZED,120,80
Lat120Long90.csv,EMPTY,120,90
Lat120Long100.csv,EMPTY,120,100
Lat120Long110.csv,EMPTY,120,110
Lat120Long120.csv,EMPTY,120,120
Lat120Long130.csv,EMPTY,120,130
Lat120Long140.csv,EMPTY,120,140
Lat120Long150.csv,EMPTY,120,150
Lat120Long160.csv,EMPTY,120,160
Lat120Long170.csv,EMPTY,120,170
Lat120Long180.csv,EMPTY,120,180
Lat120Long190.csv,EMPTY,120,190
Lat120Long200.csv,EMPTY,120,200
Lat120Long210.csv,EMPTY,120,210
Lat120Long220.csv,EMPTY,120,220
Lat120Long230.csv,EMPTY,120,230
Lat120Long240.csv,EMPTY,120,240
Lat120Long250.csv,EMPTY,120,250
Lat120Long260.csv,EMPTY,120,260
Lat120Long270.csv,EMPTY,120,270
Lat120Long280.csv,EMPTY,120,280
Lat120Long290.csv,EMPTY,120,290
Lat120Long300.csv,EMPTY,120,300
Lat120Long310.csv,EMPTY,120,310
Lat120Long320.csv,EMPTY,120,320
Lat120Long330.csv,EMPTY,120,330
Lat120Long340.csv,EMPTY,120,340
Lat120Long350.csv,EMPTY,120,350
Lat130Long0.csv,EMPTY,130,0
Lat130Long10.csv,EMPTY,130,10
Lat130Long20.csv,EMPTY,130,20
Lat130Long30.csv,EMPTY,130,30
Lat130Long40.csv,EMPTY,130,40
Lat130Long50.csv,EMPTY,130,50
Lat130Long60.csv,EMPTY,130,60
Lat130Long70.csv,EMPTY,130,70
Lat130Long80.csv,EMPTY,130,80
Lat130Long90.csv,EMPTY,130,90
Lat130Long100.csv,ANALYZED,130,100
Lat130Long110.csv,ANALYZED,130,110
Lat130Long120.csv,EMPTY,130,120
Lat130Long130.csv,EMPTY,130,130
Lat130Long140.csv,EMPTY,130,140
Lat130Long150.csv,EMPTY,130,150
Lat130Long160.csv,EMPTY,130,160
Lat130Long170.csv,EMPTY,130,170
Lat130Long180.csv,EMPTY,130,180
Lat130Long190.csv,EMPTY,130,190
Lat130Long200.csv,EMPTY,130,200
Lat130Long210.csv,EMPTY,130,210
Lat130Long220.csv,EMPTY,130,220
Lat130Long230.csv,EMPTY,130,230
Lat130Long240.csv,EMPTY,130,240
Lat130Long250.csv,EMPTY,130,250
Lat130Long260.csv,EMPTY,130,260
Lat130Long270.csv,EMPTY,130,270
Lat130Long280.csv,EMPTY,130,280
Lat130Long290.csv,EMPTY,130,290
Lat130Long300.csv,EMPTY,130,300
Lat130Long310.csv,EMPTY,130,310
Lat130Long320.csv,ANALYZED,130,320
Lat130Long330.csv,EMPTY,130,330
Lat130Long340.csv,ANALYZED,130,340
Lat130Long350.csv,ANALYZED,130,350
Lat140Long0.csv,EMPTY,140,0
Lat140Long10.csv,EMPTY,140,10
Lat140Long20.csv,EMPTY,140,20
Lat140Long30.csv,EMPTY,140,30
Lat140Long40.csv,EMPTY,140,40
Lat140Long50.csv,EMPTY,140,50
Lat140Long60.csv,EMPTY,140,60
Lat140Long70.csv,EMPTY,140,70
Lat140Long80.csv,EMPTY,140,80
Lat140Long90.csv,EMPTY,140,90
Lat140Long100.csv,ANALYZED,140,100
Lat140Long110.csv,ANALYZED,140,110
Lat140Long120.csv,ANALYZED,140,120
Lat140Long130.csv,EMPTY,140,130
Lat140Long140.csv,EMPTY,140,140
Lat140Long150.csv,EMPTY,140,150
Lat140Long160.csv,EMPTY,140,160
Lat140Long170.csv,EMPTY,140,170
Lat140Long180.csv,EMPTY,140,180
Lat140Long190.csv,ANALYZED,140,190
Lat140Long200.csv,ANALYZED,140,200
Lat140Long210.csv,EMPTY,140,210
Lat140Long220.csv,EMPTY,140,220
Lat140Long230.csv,EMPTY,140,230
Lat140Long240.csv,EMPTY,140,240
Lat140Long250.csv,EMPTY,140,250
Lat140Long260.csv,EMPTY,140,260
Lat140Long270.csv,EMPTY,140,270
Lat140Long280.csv,EMPTY,140,280
Lat140Long290.csv,ANALYZED,140,290
Lat140Long300.csv,ANALYZED,140,300
Lat140Long310.csv,ANALYZED,140,310
Lat140Long320.csv,ANALYZED,140,320
Lat140Long330.csv,ANALYZED,140,330
Lat140Long340.csv,EMPTY,140,340
Lat140Long350.csv,ANALYZED,140,350
Lat150Long0.csv,EMPTY,150,0
Lat150Long10.csv,EMPTY,150,10
Lat150Long20.csv,EMPTY,150,20
Lat150Long30.csv,EMPTY,150,30
Lat150Long40.csv,EMPTY,150,40
Lat150Long50.csv,EMPTY,150,50
Lat150Long60.csv,EMPTY,150,60
Lat150Long70.csv,EMPTY,150,70
Lat150Long80.csv,EMPTY,150,80
Lat150Long90.csv,EMPTY,150,90
Lat150Long100.csv,ANALYZED,150,100
Lat150Long110.csv,ANALYZED,150,110
Lat150Long120.csv,ANALYZED,150,120
Lat150Long130.csv,ANALYZED,150,130
Lat150Long140.csv,EMPTY,150,140
Lat150Long150.csv,EMPTY,150,150
Lat150Long160.csv,EMPTY,150,160
Lat150Long170.csv,EMPTY,150,170
Lat150Long180.csv,EMPTY,150,180
Lat150Long190.csv,ANALYZED,150,190
Lat150Long200.csv,ANALYZED,150,200
Lat150Long210.csv,ANALYZED,150,210
Lat150Long220.csv,EMPTY,150,220
Lat150Long230.csv,ANALYZED,150,230
Lat150Long240.csv,EMPTY,150,240
Lat150Long250.csv,EMPTY,150,250
Lat150Long260.csv,EMPTY,150,260
Lat150Long270.csv,EMPTY,150,270
Lat150Long280.csv,EMPTY,150,280
Lat150Long290.csv,ANALYZED,150,290
Lat150Long300.csv,ANALYZED,150,300
Lat150Long310.csv,ANALYZED,150,310
Lat150Long320.csv,ANALYZED,150,320
Lat150Long330.csv,ANALYZED,150,330
Lat150Long340.csv,ANALYZED,150,340
Lat150Long350.csv,EMPTY,150,350
Lat160Long0.csv,EMPTY,160,0
Lat160Long10.csv,EMPTY,160,10
Lat160Long20.csv,EMPTY,160,20
Lat160Long30.csv,EMPTY,160,30
Lat160Long40.csv,EMPTY,160,40
Lat160Long50.csv,EMPTY,160,50
Lat160Long60.csv,EMPTY,160,60
Lat160Long70.csv,EMPTY,160,70
Lat160Long80.csv,EMPTY,160,80
Lat160Long90.csv,EMPTY,160,90
Lat160Long100.csv,ANALYZED,160,100
Lat160Long110.csv,ANALYZED,160,110
Lat160Long120.csv,ANALYZED,160,120
Lat160Long130.csv,ANALYZED,160,130
Lat160Long140.csv,ANALYZED,160,140
Lat160Long150.csv,EMPTY,160,150
Lat160Long160.csv,EMPTY,160,160
Lat160Long170.csv,EMPTY,160,170
Lat160Long180.csv,EMPTY,160,180
Lat160Long190.csv,ANALYZED,160,190
Lat160Long200.csv,ANALYZED,160,200
Lat160Long210.csv,ANALYZED,160,210
Lat160Long220.csv,ANALYZED,160,220
Lat160Long230.csv,ANALYZED,160,230
Lat160Long240.csv,EMPTY,160,240
Lat160Long250.csv,EMPTY,160,250
Lat160Long260.csv,EMPTY,160,260
Lat160Long270.csv,EMPTY,160,270
Lat160Long280.csv,EMPTY,160,280
Lat160Long290.csv,EMPTY,160,290
Lat160Long300.csv,ANALYZED,160,300
Lat160Long310.csv,ANALYZED,160,310
Lat160Long320.csv,ANALYZED,160,320
Lat160Long330.csv,EMPTY,160,330
Lat160Long340.csv,EMPTY,160,340
Lat160Long350.csv,EMPTY,160,350
Lat170Long0.csv,EMPTY,170,0
Lat170Long10.csv,EMPTY,170,10
Lat170Long20.csv,EMPTY,170,20
Lat170Long30.csv,EMPTY,170,30
Lat170Long40.csv,EMPTY,170,40
Lat170Long50.csv,EMPTY,170,50
Lat170Long60.csv,EMPTY,170,60
Lat170Long70.csv,EMPTY,170,70
Lat170Long80.csv,EMPTY,170,80
Lat170Long90.csv,EMPTY,170,90
Lat170Long100.csv,ANALYZED,170,100
Lat170Long110.csv,EMPTY,170,110
Lat170Long120.csv,EMPTY,170,120
Lat170Long130.csv,ANALYZED,170,130
Lat170Long140.csv,ANALYZED,170,140
Lat170Long150.csv,EMPTY,170,150
Lat170Long160.csv,EMPTY,170,160
Lat170Long170.csv,EMPTY,170,170
Lat170Long180.csv,EMPTY,170,180
Lat170Long190.csv,EMPTY,170,190
Lat170Long200.csv,ANALYZED,170,200
Lat170Long210.csv,ANALYZED,170,210
Lat170Long220.csv,EMPTY,170,220
Lat170Long230.csv,EMPTY,170,230
Lat170Long240.csv,EMPTY,170,240
Lat170Long250.csv,EMPTY,170,250
Lat170Long260.csv,EMPTY,170,260
Lat170Long270.csv,EMPTY,170,270
Lat170Long280.csv,ANALYZED,170,280
Lat170Long290.csv,ANALYZED,170,290
Lat170Long300.csv,EMPTY,170,300
Lat170Long310.csv,EMPTY,170,310
Lat170Long320.csv,ANALYZED,170,320
Lat170Long330.csv,ANALYZED,170,330
Lat170Long340.csv,EMPTY,170,340
Lat170Long350.csv,EMPTY,170,350
Lat180Long0.csv,EMPTY,180,0
Lat180Long10.csv,EMPTY,180,10
Lat180Long20.csv,EMPTY,180,20
Lat180Long30.csv,EMPTY,180,30
Lat180Long40.csv,EMPTY,180,40
Lat180Long50.csv,EMPTY,180,50
Lat180Long60.csv,EMPTY,180,60
Lat180Long70.csv,EMPTY,180,70
Lat180Long80.csv,EMPTY,180,80
Lat180Long90.csv,EMPTY,180,90
Lat180Long100.csv,ANALYZED,180,100
Lat180Long110.csv,ANALYZED,180,110
Lat180Long120.csv,ANALYZED,180,120
Lat180Long130.csv,EMPTY,180,130
Lat180Long140.csv,EMPTY,180,140
Lat180Long150.csv,EMPTY,180,150
Lat180Long160.csv,EMPTY,180,160
Lat180Long170.csv,EMPTY,180,170
Lat180Long180.csv,ANALYZED,180,180
Lat180Long190.csv,ANALYZED,180,190
Lat180Long200.csv,ANALYZED,180,200
Lat180Long210.csv,ANALYZED,180,210
Lat180Long220.csv,ANALYZED,180,220
Lat180Long230.csv,EMPTY,180,230
Lat180Long240.csv,EMPTY,180,240
Lat180Long250.csv,ANALYZED,180,250
Lat180Long260.csv,ANALYZED,180,260
Lat180Long270.csv,EMPTY,180,270
Lat180Long280.csv,ANALYZED,180,280
Lat180Long290.csv,EMPTY,180,290
Lat180Long300.csv,ANALYZED,180,300
Lat180Long310.csv,EMPTY,180,310
Lat180Long320.csv,EMPTY,180,320
Lat180Long330.csv,EMPTY,180,330
Lat180Long340.csv,EMPTY,180,340
Lat180Long350.csv,EMPTY,180,350
Lat190Long0.csv,EMPTY,190,0
Lat190Long10.csv,EMPTY,190,10
Lat190Long20.csv,EMPTY,190,20
Lat190Long30.csv,EMPTY,190,30
Lat190Long40.csv,ANALYZED,190,40
Lat190Long50.csv,EMPTY,190,50
Lat190Long60.csv,EMPTY,190,60
Lat190Long70.csv,ANALYZED,190,70
Lat190Long80.csv,ANALYZED,190,80
Lat190Long90.csv,RAW,190,90
Lat190Long100.csv,RAW,190,100
Lat190Long110.csv,RAW,190,110
Lat190Long120.csv,EMPTY,190,120
Lat190Long130.csv,EMPTY,190,130
Lat190Long140.csv,EMPTY,190,140
Lat190Long150.csv,EMPTY,190,150
Lat190Long160.csv,RAW,190,160
Lat190Long170.csv,RAW,190,170
Lat190Long180.csv,RAW,190,180
Lat190Long190.csv,RAW,190,190
Lat190Long200.csv,RAW,190,200
Lat190Long210.csv,RAW,190,210
Lat190Long220.csv,RAW,190,220
Lat190Long230.csv,RAW,190,230
Lat190Long240.csv,EMPTY,190,240
Lat190Long250.csv,RAW,190,250
Lat190Long260.csv,RAW,190,260
Lat190Long270.csv,RAW,190,270
Lat190Long280.csv,RAW,190,280
Lat190Long290.csv,EMPTY,190,290
Lat190Long300.csv,RAW,190,300
Lat190Long310.csv,EMPTY,190,310
Lat190Long320.csv,EMPTY,190,320
Lat190Long330.csv,EMPTY,190,330
Lat190Long340.csv,EMPTY,190,340
Lat190Long350.csv,EMPTY,190,350
Lat200Long0.csv,EMPTY,200,0
Lat200Long10.csv,EMPTY,200,10
Lat200Long20.csv,RAW,200,20
Lat200Long30.csv,EMPTY,200,30
Lat200Long40.csv,EMPTY,200,40
Lat200Long50.csv,EMPTY,200,50
Lat200Long60.csv,RAW,200,60
Lat200Long70.csv,RAW,200,70
Lat200Long80.csv,RAW,200,80
Lat200Long90.csv,RAW,200,90
Lat200Long100.csv,RAW,200,100
Lat200Long110.csv,EMPTY,200,110
Lat200Long120.csv,EMPTY,200,120
Lat200Long130.csv,EMPTY,200,130
Lat200Long140.csv,EMPTY,200,140
Lat200Long150.csv,EMPTY,200,150
Lat200Long160.csv,RAW,200,160
Lat200Long170.csv,RAW,200,170
Lat200Long180.csv,RAW,200,180
Lat200Long190.csv,RAW,200,190
Lat200Long200.csv,RAW,200,200
Lat200Long210.csv,RAW,200,210
Lat200Long220.csv,RAW,200,220
Lat200Long230.csv,RAW,200,230
Lat200Long240.csv,RAW,200,240
Lat200Long250.csv,RAW,200,250
Lat200Long260.csv,RAW,200,260
Lat200Long270.csv,RAW,200,270
Lat200Long280.csv,RAW,200,280
Lat200Long290.csv,RAW,200,290
Lat200Long300.csv,RAW,200,300
Lat200Long310.csv,EMPTY,200,310
Lat200Long320.csv,EMPTY,200,320
Lat200Long330.csv,EMPTY,200,330
Lat200Long340.csv,EMPTY,200,340
Lat200Long350.csv,EMPTY,200,350
Lat210Long0.csv,EMPTY,210,0
Lat210Long10.csv,EMPTY,210,10
Lat210Long20.csv,EMPTY,210,20
Lat210Long30.csv,EMPTY,210,30
Lat210Long40.csv,EMPTY,210,40
Lat210Long50.csv,RAW,210,50
Lat210Long60.csv,RAW,210,60
Lat210Long70.csv,RAW,210,70
Lat210Long80.csv,RAW,210,80
Lat210Long90.csv,RAW,210,90
Lat210Long100.csv,RAW,210,100
Lat210Long110.csv,EMPTY,210,110
Lat210Long120.csv,EMPTY,210,120
Lat210Long130.csv,EMPTY,210,130
Lat210Long140.csv,EMPTY,210,140
Lat210Long150.csv,EMPTY,210,150
Lat210Long160.csv,EMPTY,210,160
Lat210Long170.csv,RAW,210,170
Lat210Long180.csv,RAW,210,180
Lat210Long190.csv,RAW,210,190
Lat210Long200.csv,RAW,210,200
Lat210Long210.csv,RAW,210,210
Lat210Long220.csv,RAW,210,220
Lat210Long230.csv,RAW,210,230
Lat210Long240.csv,RAW,210,240
Lat210Long250.csv,RAW,210,250
Lat210Long260.csv,EMPTY,210,260
Lat210Long270.csv,RAW,210,270
Lat210Long280.csv,RAW,210,280
Lat210Long290.csv,RAW,210,290
Lat210Long300.csv,RAW,210,300
Lat210Long310.csv,RAW,210,310
Lat210Long320.csv,RAW,210,320
Lat210Long330.csv,EMPTY,210,330
Lat210Long340.csv,EMPTY,210,340
Lat210Long350.csv,EMPTY,210,350
Lat220Long0.csv,EMPTY,220,0
Lat220Long10.csv,EMPTY,220,10
Lat220Long20.csv,EMPTY,220,20
Lat220Long30.csv,EMPTY,220,30
Lat220Long40.csv,EMPTY,220,40
Lat220Long50.csv,RAW,220,50
Lat220Long60.csv,RAW,220,60
Lat220Long70.csv,RAW,220,70
Lat220Long80.csv,RAW,220,80
Lat220Long90.csv,RAW,220,90
Lat220Long100.csv,RAW,220,100
Lat220Long110.csv,RAW,220,110
Lat220Long120.csv,EMPTY,220,120
Lat220Long130.csv,EMPTY,220,130
Lat220Long140.csv,EMPTY,220,140
Lat220Long150.csv,EMPTY,220,150
Lat220Long160.csv,EMPTY,220,160
Lat220Long170.csv,RAW,220,170
Lat220Long180.csv,RAW,220,180
Lat220Long190.csv,RAW,220,190
Lat220Long200.csv,RAW,220,200
Lat220Long210.csv,RAW,220,210
Lat220Long220.csv,RAW,220,220
Lat220Long230.csv,RAW,220,230
Lat220Long240.csv,RAW,220,240
Lat220Long250.csv,RAW,220,250
Lat220Long260.csv,RAW,220,260
Lat220Long270.csv,RAW,220,270
Lat220Long280.csv,RAW,220,280
Lat220Long290.csv,RAW,220,290
Lat220Long300.csv,RAW,220,300
Lat220Long310.csv,RAW,220,310
Lat220Long320.csv,RAW,220,320
Lat220Long330.csv,EMPTY,220,330
Lat220Long340.csv,EMPTY,220,340
Lat220Long350.csv,EMPTY,220,350
Lat230Long0.csv,EMPTY,230,0
Lat230Long10.csv,RAW,230,10
Lat230Long20.csv,EMPTY,230,20
Lat230Long30.csv,EMPTY,230,30
Lat230Long40.csv,RAW,230,40
Lat230Long50.csv,EMPTY,230,50
Lat230Long60.csv,RAW,230,60
Lat230Long70.csv,RAW,230,70
Lat230Long80.csv,RAW,230,80
Lat230Long90.csv,EMPTY,230,90
Lat230Long100.csv,EMPTY,230,100
Lat230Long110.csv,EMPTY,230,110
Lat230Long120.csv,EMPTY,230,120
Lat230Long130.csv,EMPTY,230,130
Lat230Long140.csv,EMPTY,230,140
Lat230Long150.csv,EMPTY,230,150
Lat230Long160.csv,EMPTY,230,160
Lat230Long170.csv,RAW,230,170
Lat230Long180.csv,RAW,230,180
Lat230Long190.csv,RAW,230,190
Lat230Long200.csv,RAW,230,200
Lat230Long210.csv,RAW,230,210
Lat230Long220.csv,RAW,230,220
Lat230Long230.csv,RAW,230,230
Lat230Long240.csv,RAW,230,240
Lat230Long250.csv,RAW,230,250
Lat230Long260.csv,RAW,230,260
Lat230Long270.csv,RAW,230,270
Lat230Long280.csv,RAW,230,280
Lat230Long290.csv,RAW,230,290
Lat230Long300.csv,RAW,230,300
Lat230Long310.csv,EMPTY,230,310
Lat230Long320.csv,EMPTY,230,320
Lat230Long330.csv,EMPTY,230,330
Lat230Long340.csv,EMPTY,230,340
Lat230Long350.csv,EMPTY,230,350
Lat240Long0.csv,EMPTY,240,0
Lat240Long10.csv,RAW,240,10
Lat240Long20.csv,EMPTY,240,20
Lat240Long30.csv,RAW,240,30
Lat240Long40.csv,RAW,240,40
Lat240Long50.csv,EMPTY,240,50
Lat240Long60.csv,RAW,240,60
Lat240Long70.csv,EMPTY,240,70
Lat240Long80.csv,EMPTY,240,80
Lat240Long90.csv,EMPTY,240,90
Lat240Long100.csv,EMPTY,240,100
Lat240Long110.csv,EMPTY,240,110
Lat240Long120.csv,EMPTY,240,120
Lat240Long130.csv,EMPTY,240,130
Lat240Long140.csv,EMPTY,240,140
Lat240Long150.csv,EMPTY,240,150
Lat240Long160.csv,EMPTY,240,160
Lat240Long170.csv,EMPTY,240,170
Lat240Long180.csv,RAW,240,180
Lat240Long190.csv,RAW,240,190
Lat240Long200.csv,RAW,240,200
Lat240Long210.csv,RAW,240,210
Lat240Long220.csv,EMPTY,240,220
Lat240Long230.csv,RAW,240,230
Lat240Long240.csv,EMPTY,240,240
Lat240Long250.csv,EMPTY,240,250
Lat240Long260.csv,EMPTY,240,260
Lat240Long270.csv,EMPTY,240,270
Lat240Long280.csv,EMPTY,240,280
Lat240Long290.csv,EMPTY,240,290
Lat240Long300.csv,RAW,240,300
Lat240Long310.csv,RAW,240,310
Lat240Long320.csv,RAW,240,320
Lat240Long330.csv,RAW,240,330
Lat240Long340.csv,RAW,240,340
Lat240Long350.csv,RAW,240,350
Lat250Long0.csv,EMPTY,250,0
Lat250Long10.csv,EMPTY,250,10
Lat250Long20.csv,EMPTY,250,20
Lat250Long30.csv,EMPTY,250,30
Lat250Long40.csv,EMPTY,250,40
Lat250Long50.csv,EMPTY,250,50
Lat250Long60.csv,RAW,250,60
Lat250Long70.csv,EMPTY,250,70
Lat250Long80.csv,EMPTY,250,80
Lat250Long90.csv,EMPTY,250,90
Lat250Long100.csv,EMPTY,250,100
Lat250Long110.csv,RAW,250,110
Lat250Long120.csv,EMPTY,250,120
Lat250Long130.csv,EMPTY,250,130
Lat250Long140.csv,EMPTY,250,140
Lat250Long150.csv,RAW,250,150
Lat250Long160.csv,EMPTY,250,160
Lat250Long170.csv,EMPTY,250,170
Lat250Long180.csv,EMPTY,250,180
Lat250Long190.csv,EMPTY,250,190
Lat250Long200.csv,RAW,250,200
Lat250Long210.csv,EMPTY,250,210
Lat250Long220.csv,EMPTY,250,220
Lat250Long230.csv,EMPTY,250,230
Lat250Long240.csv,EMPTY,250,240
Lat250Long250.csv,EMPTY,250,250
Lat250Long260.csv,EMPTY,250,260
Lat250Long270.csv,EMPTY,250,270
Lat250Long280.csv,EMPTY,250,280
Lat250Long290.csv,EMPTY,250,290
Lat250Long300.csv,EMPTY,250,300
Lat250Long310.csv,EMPTY,250,310
Lat250Long320.csv,RAW,250,320
Lat250Long330.csv,EMPTY,250,330
Lat250Long340.csv,EMPTY,250,340
Lat250Long350.csv,EMPTY,250,350
Lat260Long0.csv,EMPTY,260,0
Lat260Long10.csv,EMPTY,260,10
Lat260Long20.csv,EMPTY,260,20
Lat260Long30.csv,EMPTY,260,30
Lat260Long40.csv,EMPTY,260,40
Lat260Long50.csv,EMPTY,260,50
Lat260Long60.csv,EMPTY,260,60
Lat260Long70.csv,EMPTY,260,70
Lat260Long80.csv,EMPTY,260,80
Lat260Long90.csv,EMPTY,260,90
Lat260Long100.csv,EMPTY,260,100
Lat260Long110.csv,EMPTY,260,110
Lat260Long120.csv,EMPTY,260,120
Lat260Long130.csv,RAW,260,130
Lat260Long140.csv,EMPTY,260,140
Lat260Long150.csv,EMPTY,260,150
Lat260Long160.csv,EMPTY,260,160
Lat260Long170.csv,EMPTY,260,170
Lat260Long180.csv,EMPTY,260,180
Lat260Long190.csv,EMPTY,260,190
Lat260Long200.csv,EMPTY,260,200
Lat260Long210.csv,EMPTY,260,210
Lat260Long220.csv,EMPTY,260,220
Lat260Long230.csv,EMPTY,260,230
Lat260Long240.csv,EMPTY,260,240
Lat260Long250.csv,EMPTY,260,250
Lat260Long260.csv,EMPTY,260,260
Lat260Long270.csv,EMPTY,260,270
Lat260Long280.csv,EMPTY,260,280
Lat260Long290.csv,EMPTY,260,290
Lat260Long300.csv,EMPTY,260,300
Lat260Long310.csv,EMPTY,260,310
Lat260Long320.csv,EMPTY,260,320
Lat260Long330.csv,EMPTY,260,330
Lat260Long340.csv,EMPTY,260,340
Lat260Long350.csv,EMPTY,260,350
Lat270Long0.csv,EMPTY,270,0
Lat270Long10.csv,EMPTY,270,10
Lat270Long20.csv,EMPTY,270,20
Lat270Long30.csv,EMPTY,270,30
Lat270Long40.csv,EMPTY,270,40
Lat270Long50.csv,EMPTY,270,50
Lat270Long60.csv,EMPTY,270,60
Lat270Long70.csv,EMPTY,270,70
Lat270Long80.csv,EMPTY,270,80
Lat270Long90.csv,EMPTY,270,90
Lat270Long100.csv,EMPTY,270,100
Lat270Long110.csv,EMPTY,270,110
Lat270Long120.csv,EMPTY,270,120
Lat270Long130.csv,EMPTY,270,130
Lat270Long140.csv,EMPTY,270,140
Lat270Long150.csv,EMPTY,270,150
Lat270Long160.csv,EMPTY,270,160
Lat270Long170.csv,EMPTY,270,170
Lat270Long180.csv,EMPTY,270,180
Lat270Long190.csv,EMPTY,270,190
Lat270Long200.csv,EMPTY,270,200
Lat270Long210.csv,EMPTY,270,210
Lat270Long220.csv,EMPTY,270,220
Lat270Long230.csv,EMPTY,270,230
Lat270Long240.csv,EMPTY,270,240
Lat270Long250.csv,EMPTY,270,250
Lat270Long260.csv,EMPTY,270,260
Lat270Long270.csv,EMPTY,270,270
Lat270Long280.csv,EMPTY,270,280
Lat270Long290.csv,EMPTY,270,290
Lat270Long300.csv,EMPTY,270,300
Lat270Long310.csv,EMPTY,270,310
Lat270Long320.csv,EMPTY,270,320
Lat270Long330.csv,EMPTY,270,330
Lat270Long340.csv,EMPTY,270,340
Lat270Long350.csv,EMPTY,270,350
Lat280Long0.csv,EMPTY,280,0
Lat280Long10.csv,EMPTY,280,10
Lat280Long20.csv,EMPTY,280,20
Lat280Long30.csv,EMPTY,280,30
Lat280Long40.csv,EMPTY,280,40
Lat280Long50.csv,EMPTY,280,50
Lat280Long60.csv,EMPTY,280,60
Lat280Long70.csv,EMPTY,280,70
Lat280Long80.csv,EMPTY,280,80
Lat280Long90.csv,EMPTY,280,90
Lat280Long100.csv,EMPTY,280,100
Lat280Long110.csv,EMPTY,280,110
Lat280Long120.csv,EMPTY,280,120
Lat280Long130.csv,EMPTY,280,130
Lat280Long140.csv,EMPTY,280,140
Lat280Long150.csv,EMPTY,280,150
Lat280Long160.csv,EMPTY,280,160
Lat280Long170.csv,EMPTY,280,170
Lat280Long180.csv,EMPTY,280,180
Lat280Long190.csv,EMPTY,280,190
Lat280Long200.csv,EMPTY,280,200
Lat280Long210.csv,EMPTY,280,210
Lat280Long220.csv,EMPTY,280,220
Lat280Long230.csv,EMPTY,280,230
Lat280Long240.csv,EMPTY,280,240
Lat280Long250.csv,EMPTY,280,250
Lat280Long260.csv,EMPTY,280,260
Lat280Long270.csv,EMPTY,280,270
Lat280Long280.csv,EMPTY,280,280
Lat280Long290.csv,EMPTY,280,290
Lat280Long300.csv,EMPTY,280,300
Lat280Long310.csv,EMPTY,280,310
Lat280Long320.csv,EMPTY,280,320
Lat280Long330.csv,EMPTY,280,330
Lat280Long340.csv,EMPTY,280,340
Lat280Long350.csv,EMPTY,280,350
Lat290Long0.csv,EMPTY,290,0
Lat290Long10.csv,EMPTY,290,10
Lat290Long20.csv,EMPTY,290,20
Lat290Long30.csv,EMPTY,290,30
Lat290Long40.csv,EMPTY,290,40
Lat290Long50.csv,EMPTY,290,50
Lat290Long60.csv,EMPTY,290,60
Lat290Long70.csv,EMPTY,290,70
Lat290Long80.csv,EMPTY,290,80
Lat290Long90.csv,EMPTY,290,90
Lat290Long100.csv,EMPTY,290,100
Lat290Long110.csv,EMPTY,290,110
Lat290Long120.csv,EMPTY,290,120
Lat290Long130.csv,EMPTY,290,130
Lat290Long140.csv,EMPTY,290,140
Lat290Long150.csv,EMPTY,290,150
Lat290Long160.csv,EMPTY,290,160
Lat290Long170.csv,EMPTY,290,170
Lat290Long180.csv,EMPTY,290,180
Lat290Long190.csv,EMPTY,290,190
Lat290Long200.csv,EMPTY,290,200
Lat290Long210.csv,EMPTY,290,210
Lat290Long220.csv,EMPTY,290,220
Lat290Long230.csv,EMPTY,290,230
Lat290Long240.csv,EMPTY,290,240
Lat290Long250.csv,EMPTY,290,250
Lat290Long260.csv,EMPTY,290,260
Lat290Long270.csv,EMPTY,290,270
Lat290Long280.csv,EMPTY,290,280
Lat290Long290.csv,EMPTY,290,290
Lat290Long300.csv,EMPTY,290,300
Lat290Long310.csv,EMPTY,290,310
Lat290Long320.csv,EMPTY,290,320
Lat290Long330.csv,EMPTY,290,330
Lat290Long340.csv,EMPTY,290,340
Lat290Long350.csv,EMPTY,290,350
Lat300Long0.csv,EMPTY,300,0
Lat300Long10.csv,EMPTY,300,10
Lat300Long20.csv,EMPTY,300,20
Lat300Long30.csv,EMPTY,300,30
Lat300Long40.csv,EMPTY,300,40
Lat300Long50.csv,EMPTY,300,50
Lat300Long60.csv,EMPTY,300,60
Lat300Long70.csv,EMPTY,300,70
Lat300Long80.csv,EMPTY,300,80
Lat300Long90.csv,EMPTY,300,90
Lat300Long100.csv,EMPTY,300,100
Lat300Long110.csv,EMPTY,300,110
Lat300Long120.csv,EMPTY,300,120
Lat300Long130.csv,EMPTY,300,130
Lat300Long140.csv,EMPTY,300,140
Lat300Long150.csv,EMPTY,300,150
Lat300Long160.csv,EMPTY,300,160
Lat300Long170.csv,EMPTY,300,170
Lat300Long180.csv,EMPTY,300,180
Lat300Long190.csv,EMPTY,300,190
Lat300Long200.csv,EMPTY,300,200
Lat300Long210.csv,EMPTY,300,210
Lat300Long220.csv,EMPTY,300,220
Lat300Long230.csv,EMPTY,300,230
Lat300Long240.csv,EMPTY,300,240
Lat300Long250.csv,EMPTY,300,250
Lat300Long260.csv,EMPTY,300,260
Lat300Long270.csv,EMPTY,300,270
Lat300Long280.csv,EMPTY,300,280
Lat300Long290.csv,EMPTY,300,290
Lat300Long300.csv,EMPTY,300,300
Lat300Long310.csv,EMPTY,300,310
Lat300Long320.csv,EMPTY,300,320
Lat300Long330.csv,EMPTY,300,330
Lat300Long340.csv,EMPTY,300,340
Lat300Long350.csv,EMPTY,300,350
Lat310Long0.csv,EMPTY,310,0
Lat310Long10.csv,EMPTY,310,10
Lat310Long20.csv,EMPTY,310,20
Lat310Long30.csv,EMPTY,310,30
Lat310Long40.csv,EMPTY,310,40
Lat310Long50.csv,EMPTY,310,50
Lat310Long60.csv,EMPTY,310,60
Lat310Long70.csv,EMPTY,310,70
Lat310Long80.csv,EMPTY,310,80
Lat310Long90.csv,EMPTY,310,90
Lat310Long100.csv,EMPTY,310,100
Lat310Long110.csv,EMPTY,310,110
Lat310Long120.csv,EMPTY,310,120
Lat310Long130.csv,EMPTY,310,130
Lat310Long140.csv,EMPTY,310,140
Lat310Long150.csv,EMPTY,310,150
Lat310Long160.csv,EMPTY,310,160
Lat310Long170.csv,EMPTY,310,170
Lat310Long180.csv,EMPTY,310,180
Lat310Long190.csv,EMPTY,310,190
Lat310Long200.csv,EMPTY,310,200
Lat310Long210.csv,EMPTY,310,210
Lat310Long220.csv,EMPTY,310,220
Lat310Long230.csv,EMPTY,310,230
Lat310Long240.csv,EMPTY,310,240
Lat310Long250.csv,EMPTY,310,250
Lat310Long260.csv,EMPTY,310,260
Lat310Long270.csv,EMPTY,310,270
Lat310Long280.csv,EMPTY,310,280
Lat310Long290.csv,EMPTY,310,290
Lat310Long300.csv,EMPTY,310,300
Lat310Long310.csv,EMPTY,310,310
Lat310Long320.csv,EMPTY,310,320
Lat310Long330.csv,EMPTY,310,330
Lat310Long340.csv,EMPTY,310,340
Lat310Long350.csv,EMPTY,310,350
Lat320Long0.csv,EMPTY,320,0
Lat320Long10.csv,EMPTY,320,10
Lat320Long20.csv,EMPTY,320,20
Lat320Long30.csv,EMPTY,320,30
Lat320Long40.csv,EMPTY,320,40
Lat320Long50.csv,EMPTY,320,50
Lat320Long60.csv,EMPTY,320,60
Lat320Long70.csv,EMPTY,320,70
Lat320Long80.csv,EMPTY,320,80
Lat320Long90.csv,EMPTY,320,90
Lat320Long100.csv,EMPTY,320,100
Lat320Long110.csv,EMPTY,320,110
Lat320Long120.csv,EMPTY,320,120
Lat320Long130.csv,EMPTY,320,130
Lat320Long140.csv,EMPTY,320,140
Lat320Long150.csv,EMPTY,320,150
Lat320Long160.csv,EMPTY,320,160
Lat320Long170.csv,EMPTY,320,170
Lat320Long180.csv,EMPTY,320,180
Lat320Long190.csv,EMPTY,320,190
Lat320Long200.csv,EMPTY,320,200
Lat320Long210.csv,EMPTY,320,210
Lat320Long220.csv,EMPTY,320,220
Lat320Long230.csv,EMPTY,320,230
Lat320Long240.csv,EMPTY,320,240
Lat320Long250.csv,EMPTY,320,250
Lat320Long260.csv,EMPTY,320,260
Lat320Long270.csv,EMPTY,320,270
Lat320Long280.csv,EMPTY,320,280
Lat320Long290.csv,EMPTY,320,290
Lat320Long300.csv,EMPTY,320,300
Lat320Long310.csv,EMPTY,320,310
Lat320Long320.csv,EMPTY,320,320
Lat320Long330.csv,EMPTY,320,330
Lat320Long340.csv,EMPTY,320,340
Lat320Long350.csv,EMPTY,320,350
Lat330Long0.csv,EMPTY,330,0
Lat330Long10.csv,EMPTY,330,10
Lat330Long20.csv,EMPTY,330,20
Lat330Long30.csv,EMPTY,330,30
Lat330Long40.csv,EMPTY,330,40
Lat330Long50.csv,EMPTY,330,50
Lat330Long60.csv,EMPTY,330,60
Lat330Long70.csv,EMPTY,330,70
Lat330Long80.csv,EMPTY,330,80
Lat330Long90.csv,EMPTY,330,90
Lat330Long100.csv,EMPTY,330,100
Lat330Long110.csv,EMPTY,330,110
Lat330Long120.csv,EMPTY,330,120
Lat330Long130.csv,EMPTY,330,130
Lat330Long140.csv,EMPTY,330,140
Lat330Long150.csv,EMPTY,330,150
Lat330Long160.csv,EMPTY,330,160
Lat330Long170.csv,EMPTY,330,170
Lat330Long180.csv,EMPTY,330,180
Lat330Long190.csv,EMPTY,330,190
Lat330Long200.csv,EMPTY,330,200
Lat330Long210.csv,EMPTY,330,210
Lat330Long220.csv,EMPTY,330,220
Lat330Long230.csv,EMPTY,330,230
Lat330Long240.csv,EMPTY,330,240
Lat330Long250.csv,EMPTY,330,250
Lat330Long260.csv,EMPTY,330,260
Lat330Long270.csv,EMPTY,330,270
Lat330Long280.csv,EMPTY,330,280
Lat330Long290.csv,EMPTY,330,290
Lat330Long300.csv,EMPTY,330,300
Lat330Long310.csv,EMPTY,330,310
Lat330Long320.csv,EMPTY,330,320
Lat330Long330.csv,EMPTY,330,330
Lat330Long340.csv,EMPTY,330,340
Lat330Long350.csv,EMPTY,330,350
Lat340Long0.csv,EMPTY,340,0
Lat340Long10.csv,EMPTY,340,10
Lat340Long20.csv,EMPTY,340,20
Lat340Long30.csv,EMPTY,340,30
Lat340Long40.csv,EMPTY,340,40
Lat340Long50.csv,EMPTY,340,50
Lat340Long60.csv,EMPTY,340,60
Lat340Long70.csv,EMPTY,340,70
Lat340Long80.csv,EMPTY,340,80
Lat340Long90.csv,EMPTY,340,90
Lat340Long100.csv,EMPTY,340,100
Lat340Long110.csv,EMPTY,340,110
Lat340Long120.csv,EMPTY,340,120
Lat340Long130.csv,EMPTY,340,130
Lat340Long140.csv,EMPTY,340,140
Lat340Long150.csv,EMPTY,340,150
Lat340Long160.csv,EMPTY,340,160
Lat340Long170.csv,EMPTY,340,170
Lat340Long180.csv,EMPTY,340,180
Lat340Long190.csv,EMPTY,340,190
Lat340Long200.csv,EMPTY,340,200
Lat340Long210.csv,EMPTY,340,210
Lat340Long220.csv,EMPTY,340,220
Lat340Long230.csv,EMPTY,340,230
Lat340Long240.csv,EMPTY,340,240
Lat340Long250.csv,EMPTY,340,250
Lat340Long260.csv,EMPTY,340,260
Lat340Long270.csv,EMPTY,340,270
Lat340Long280.csv,EMPTY,340,280
Lat340Long290.csv,EMPTY,340,290
Lat340Long300.csv,EMPTY,340,300
Lat340Long310.csv,EMPTY,340,310
Lat340Long320.csv,EMPTY,340,320
Lat340Long330.csv,EMPTY,340,330
Lat340Long340.csv,EMPTY,340,340
Lat340Long350.csv,EMPTY,340,350
Lat350Long0.csv,EMPTY,350,0
Lat350Long10.csv,EMPTY,350,10
Lat350Long20.csv,EMPTY,350,20
Lat350Long30.csv,EMPTY,350,30
Lat350Long40.csv,EMPTY,350,40
Lat350Long50.csv,EMPTY,350,50
Lat350Long60.csv,EMPTY,350,60
Lat350Long70.csv,EMPTY,350,70
Lat350Long80.csv,EMPTY,350,80
Lat350Long90.csv,EMPTY,350,90
Lat350Long100.csv,EMPTY,350,100
Lat350Long110.csv,EMPTY,350,110
Lat350Long120.csv,EMPTY,350,120
Lat350Long130.csv,EMPTY,350,130
Lat350Long140.csv,EMPTY,350,140
Lat350Long150.csv,EMPTY,350,150
Lat350Long160.csv,EMPTY,350,160
Lat350Long170.csv,EMPTY,350,170
Lat350Long180.csv,EMPTY,350,180
Lat350Long190.csv,EMPTY,350,190
Lat350Long200.csv,EMPTY,350,200
Lat350Long210.csv,EMPTY,350,210
Lat350Long220.csv,EMPTY,350,220
Lat350Long230.csv,EMPTY,350,230
Lat350Long240.csv,EMPTY,350,240
Lat350Long250.csv,EMPTY,350,250
Lat350Long260.csv,EMPTY,350,260
Lat350Long270.csv,EMPTY,350,270
Lat350Long280.csv,EMPTY,350,280
Lat350Long290.csv,EMPTY,350,290
Lat350Long300.csv,EMPTY,350,300
Lat350Long310.csv,EMPTY,350,310
Lat350Long320.csv,EMPTY,350,320
Lat350Long330.csv,EMPTY,350,330
Lat350Long340.csv,EMPTY,350,340
Lat350Long350.csv,EMPTY,350,350
